S3 Resource Name,Month,S3 Resource Price
hk-analytics ($),01/01/2024,304.04
hk-analytics ($),01/02/2024,339.27
hk-analytics ($),01/03/2024,374.77
hk-analytics ($),01/04/2024,410.87
hk-analytics ($),01/05/2024,447.94
hk-analytics ($),01/06/2024,485.9
hk-analytics ($),01/07/2024,524.76
hk-analytics ($),01/08/2024,571.85
hk-analytics ($),01/09/2024,224.64
hkdb ($),01/01/2024,151.89
hkdb ($),01/02/2024,153.24
hkdb ($),01/03/2024,156.11
hkdb ($),01/04/2024,158.44
hkdb ($),01/05/2024,160.95
hkdb ($),01/06/2024,160.43
hkdb ($),01/07/2024,160.64
hkdb ($),01/08/2024,159.35
hkdb ($),01/09/2024,158.96
mbprod-analytics ($),01/01/2024,144.29
mbprod-analytics ($),01/02/2024,147.66
mbprod-analytics ($),01/03/2024,154.12
mbprod-analytics ($),01/04/2024,149.25
mbprod-analytics ($),01/05/2024,150.16
mbprod-analytics ($),01/06/2024,153.69
mbprod-analytics ($),01/07/2024,145.42
mbprod-analytics ($),01/08/2024,141.48
mbprod-analytics ($),01/09/2024,145.13
mobile-analytics-03-01-2018-b78cbc45685545f28c0207562b147b3c ($),01/01/2024,122.23
mobile-analytics-03-01-2018-b78cbc45685545f28c0207562b147b3c ($),01/02/2024,119.4
mobile-analytics-03-01-2018-b78cbc45685545f28c0207562b147b3c ($),01/03/2024,117.31
mobile-analytics-03-01-2018-b78cbc45685545f28c0207562b147b3c ($),01/04/2024,114.1
mobile-analytics-03-01-2018-b78cbc45685545f28c0207562b147b3c ($),01/05/2024,112.76
mobile-analytics-03-01-2018-b78cbc45685545f28c0207562b147b3c ($),01/06/2024,111.52
mobile-analytics-03-01-2018-b78cbc45685545f28c0207562b147b3c ($),01/07/2024,110.1
mobile-analytics-03-01-2018-b78cbc45685545f28c0207562b147b3c ($),01/08/2024,107.26
mobile-analytics-03-01-2018-b78cbc45685545f28c0207562b147b3c ($),01/09/2024,104.84
icrmimages ($),01/01/2024,84.57
icrmimages ($),01/02/2024,85.62
icrmimages ($),01/03/2024,86.81
icrmimages ($),01/04/2024,88
icrmimages ($),01/05/2024,89.15
icrmimages ($),01/06/2024,90.25
icrmimages ($),01/07/2024,91.35
icrmimages ($),01/08/2024,92.47
icrmimages ($),01/09/2024,93.63
regional-fulfillment-data ($),01/01/2024,70.07
regional-fulfillment-data ($),01/02/2024,70.07
regional-fulfillment-data ($),01/03/2024,70.07
regional-fulfillment-data ($),01/04/2024,70.07
regional-fulfillment-data ($),01/05/2024,70.07
regional-fulfillment-data ($),01/06/2024,70.07
regional-fulfillment-data ($),01/07/2024,70.07
regional-fulfillment-data ($),01/08/2024,70.07
regional-fulfillment-data ($),01/09/2024,70.07
cloudflare-zero-trust-v1 ($),01/01/2024,22.84
cloudflare-zero-trust-v1 ($),01/02/2024,20.06
cloudflare-zero-trust-v1 ($),01/03/2024,19.82
cloudflare-zero-trust-v1 ($),01/04/2024,24.55
cloudflare-zero-trust-v1 ($),01/05/2024,30.15
cloudflare-zero-trust-v1 ($),01/06/2024,35.77
cloudflare-zero-trust-v1 ($),01/07/2024,41.29
cloudflare-zero-trust-v1 ($),01/08/2024,46.52
cloudflare-zero-trust-v1 ($),01/09/2024,51.78
cloudtrail-logsv1 ($),01/01/2024,23.48
cloudtrail-logsv1 ($),01/02/2024,24.8
cloudtrail-logsv1 ($),01/03/2024,26.4
cloudtrail-logsv1 ($),01/04/2024,27.98
cloudtrail-logsv1 ($),01/05/2024,29.59
cloudtrail-logsv1 ($),01/06/2024,31.32
cloudtrail-logsv1 ($),01/07/2024,33.18
cloudtrail-logsv1 ($),01/08/2024,35.13
cloudtrail-logsv1 ($),01/09/2024,37.31
hkelb ($),01/01/2024,29.06
hkelb ($),01/02/2024,26.69
hkelb ($),01/03/2024,28.79
hkelb ($),01/04/2024,28.41
hkelb ($),01/05/2024,29.38
hkelb ($),01/06/2024,28.79
hkelb ($),01/07/2024,30.27
hkelb ($),01/08/2024,30.21
hkelb ($),01/09/2024,31.31
hkprod ($),01/01/2024,23.04
hkprod ($),01/02/2024,23.49
hkprod ($),01/03/2024,23.55
hkprod ($),01/04/2024,24.12
hkprod ($),01/05/2024,25.15
hkprod ($),01/06/2024,25.01
hkprod ($),01/07/2024,28.88
hkprod ($),01/08/2024,32.1
hkprod ($),01/09/2024,31.63
cloudflare-logsv1 ($),01/01/2024,26.41
cloudflare-logsv1 ($),01/02/2024,24.76
cloudflare-logsv1 ($),01/03/2024,26.33
cloudflare-logsv1 ($),01/04/2024,24.91
cloudflare-logsv1 ($),01/05/2024,25.71
cloudflare-logsv1 ($),01/06/2024,24.82
cloudflare-logsv1 ($),01/07/2024,25.73
cloudflare-logsv1 ($),01/08/2024,25.17
cloudflare-logsv1 ($),01/09/2024,25.98
hkmailbolt-data-prod ($),01/01/2024,18.38
hkmailbolt-data-prod ($),01/02/2024,18.91
hkmailbolt-data-prod ($),01/03/2024,21.55
hkmailbolt-data-prod ($),01/04/2024,20.14
hkmailbolt-data-prod ($),01/05/2024,22
hkmailbolt-data-prod ($),01/06/2024,21.77
hkmailbolt-data-prod ($),01/07/2024,23.48
hkmailbolt-data-prod ($),01/08/2024,26.35
hkmailbolt-data-prod ($),01/09/2024,25.71
hkvital-prod-mobile-analytics ($),01/01/2024,18.77
hkvital-prod-mobile-analytics ($),01/02/2024,19.36
hkvital-prod-mobile-analytics ($),01/03/2024,19.82
hkvital-prod-mobile-analytics ($),01/04/2024,19.94
hkvital-prod-mobile-analytics ($),01/05/2024,20.53
hkvital-prod-mobile-analytics ($),01/06/2024,21.05
hkvital-prod-mobile-analytics ($),01/07/2024,21.83
hkvital-prod-mobile-analytics ($),01/08/2024,21.57
hkvital-prod-mobile-analytics ($),01/09/2024,21.58
hkqa ($),01/01/2024,15.41
hkqa ($),01/02/2024,14.47
hkqa ($),01/03/2024,13.45
hkqa ($),01/04/2024,12.23
hkqa ($),01/05/2024,11
hkqa ($),01/06/2024,9.75
hkqa ($),01/07/2024,8.39
hkqa ($),01/08/2024,6.89
hkqa ($),01/09/2024,5.42
healthkartdev ($),01/01/2024,5.59
healthkartdev ($),01/02/2024,5.78
healthkartdev ($),01/03/2024,5.33
healthkartdev ($),01/04/2024,5.24
healthkartdev ($),01/05/2024,5.56
healthkartdev ($),01/06/2024,5.67
healthkartdev ($),01/07/2024,6.9
healthkartdev ($),01/08/2024,6.63
healthkartdev ($),01/09/2024,6.37
dms-h5gkli6viu3nysbwt24we635kiq4ssnzm7wsq7q ($),01/01/2024,8.27
dms-h5gkli6viu3nysbwt24we635kiq4ssnzm7wsq7q ($),01/02/2024,5.52
dms-h5gkli6viu3nysbwt24we635kiq4ssnzm7wsq7q ($),01/03/2024,3.36
dms-h5gkli6viu3nysbwt24we635kiq4ssnzm7wsq7q ($),01/04/2024,3.36
dms-h5gkli6viu3nysbwt24we635kiq4ssnzm7wsq7q ($),01/05/2024,2.67
dms-h5gkli6viu3nysbwt24we635kiq4ssnzm7wsq7q ($),01/06/2024,3.41
dms-h5gkli6viu3nysbwt24we635kiq4ssnzm7wsq7q ($),01/07/2024,3.46
dms-h5gkli6viu3nysbwt24we635kiq4ssnzm7wsq7q ($),01/08/2024,3.01
dms-h5gkli6viu3nysbwt24we635kiq4ssnzm7wsq7q ($),01/09/2024,2.67
vertica-hk ($),01/01/2024,3.9
vertica-hk ($),01/02/2024,3.9
vertica-hk ($),01/03/2024,3.9
vertica-hk ($),01/04/2024,3.9
vertica-hk ($),01/05/2024,3.9
vertica-hk ($),01/06/2024,3.9
vertica-hk ($),01/07/2024,3.9
vertica-hk ($),01/08/2024,3.9
vertica-hk ($),01/09/2024,3.9
hk-hr ($),01/01/2024,4
hk-hr ($),01/02/2024,3.23
hk-hr ($),01/03/2024,2.36
hk-hr ($),01/04/2024,2.36
hk-hr ($),01/05/2024,2.69
hk-hr ($),01/06/2024,5.34
hk-hr ($),01/07/2024,5.08
hk-hr ($),01/08/2024,4.34
hk-hr ($),01/09/2024,4.34
hk-dev-next ($),01/01/2024,2.38
hk-dev-next ($),01/02/2024,3.22
hk-dev-next ($),01/03/2024,2.98
hk-dev-next ($),01/04/2024,2.45
hk-dev-next ($),01/05/2024,3.07
hk-dev-next ($),01/06/2024,1.31
hk-dev-next ($),01/07/2024,3.97
hk-dev-next ($),01/08/2024,4.45
hk-dev-next ($),01/09/2024,2.06
hkmigration ($),01/01/2024,2.81
hkmigration ($),01/02/2024,2.81
hkmigration ($),01/03/2024,2.81
hkmigration ($),01/04/2024,2.81
hkmigration ($),01/05/2024,2.81
hkmigration ($),01/06/2024,2.81
hkmigration ($),01/07/2024,2.81
hkmigration ($),01/08/2024,2.81
hkmigration ($),01/09/2024,2.81
bright-prod ($),01/01/2024,2.2
bright-prod ($),01/02/2024,2.21
bright-prod ($),01/03/2024,2.27
bright-prod ($),01/04/2024,2.31
bright-prod ($),01/05/2024,2.33
bright-prod ($),01/06/2024,2.41
bright-prod ($),01/07/2024,2.48
bright-prod ($),01/08/2024,2.5
bright-prod ($),01/09/2024,2.55
tbprod-analytics ($),01/01/2024,2.35
tbprod-analytics ($),01/02/2024,2.31
tbprod-analytics ($),01/03/2024,2.25
tbprod-analytics ($),01/04/2024,2.18
tbprod-analytics ($),01/05/2024,2.1
tbprod-analytics ($),01/06/2024,2.06
tbprod-analytics ($),01/07/2024,2.06
tbprod-analytics ($),01/08/2024,1.97
tbprod-analytics ($),01/09/2024,1.91
aws-athena-query-results-503472024152-us-east-1 ($),01/01/2024,1.82
aws-athena-query-results-503472024152-us-east-1 ($),01/02/2024,1.82
aws-athena-query-results-503472024152-us-east-1 ($),01/03/2024,1.82
aws-athena-query-results-503472024152-us-east-1 ($),01/04/2024,1.82
aws-athena-query-results-503472024152-us-east-1 ($),01/05/2024,1.82
aws-athena-query-results-503472024152-us-east-1 ($),01/06/2024,1.82
aws-athena-query-results-503472024152-us-east-1 ($),01/07/2024,1.82
aws-athena-query-results-503472024152-us-east-1 ($),01/08/2024,1.82
aws-athena-query-results-503472024152-us-east-1 ($),01/09/2024,1.82
dms-izu6blo7tegq2fggujqyraxqsecuzvscw2d6erq ($),01/01/2024,2.64
dms-izu6blo7tegq2fggujqyraxqsecuzvscw2d6erq ($),01/02/2024,2.05
dms-izu6blo7tegq2fggujqyraxqsecuzvscw2d6erq ($),01/03/2024,1.33
dms-izu6blo7tegq2fggujqyraxqsecuzvscw2d6erq ($),01/04/2024,1.39
dms-izu6blo7tegq2fggujqyraxqsecuzvscw2d6erq ($),01/05/2024,1.24
dms-izu6blo7tegq2fggujqyraxqsecuzvscw2d6erq ($),01/06/2024,1.54
dms-izu6blo7tegq2fggujqyraxqsecuzvscw2d6erq ($),01/07/2024,1.39
dms-izu6blo7tegq2fggujqyraxqsecuzvscw2d6erq ($),01/08/2024,1.64
dms-izu6blo7tegq2fggujqyraxqsecuzvscw2d6erq ($),01/09/2024,2.26
gritzoclickstream-prod ($),01/01/2024,0.03
gritzoclickstream-prod ($),01/02/2024,0.15
gritzoclickstream-prod ($),01/03/2024,0.56
gritzoclickstream-prod ($),01/04/2024,0.96
gritzoclickstream-prod ($),01/05/2024,1.44
gritzoclickstream-prod ($),01/06/2024,1.94
gritzoclickstream-prod ($),01/07/2024,2.52
gritzoclickstream-prod ($),01/08/2024,3.22
gritzoclickstream-prod ($),01/09/2024,4.28
hk-mws-order ($),01/01/2024,1.7
hk-mws-order ($),01/02/2024,1.69
hk-mws-order ($),01/03/2024,1.7
hk-mws-order ($),01/04/2024,1.63
hk-mws-order ($),01/05/2024,1.61
hk-mws-order ($),01/06/2024,1.61
hk-mws-order ($),01/07/2024,1.61
hk-mws-order ($),01/08/2024,1.61
hk-mws-order ($),01/09/2024,1.61
hk-prod-next ($),01/01/2024,1.72
hk-prod-next ($),01/02/2024,1.83
hk-prod-next ($),01/03/2024,1.39
hk-prod-next ($),01/04/2024,2.07
hk-prod-next ($),01/05/2024,1.15
hk-prod-next ($),01/06/2024,0.86
hk-prod-next ($),01/07/2024,1.22
hk-prod-next ($),01/08/2024,1.45
hk-prod-next ($),01/09/2024,1.29
dms-7oumfmr7ue3i2ll44t4pgqns7ce5m4nbbe3iaxy ($),01/01/2024,1.99
dms-7oumfmr7ue3i2ll44t4pgqns7ce5m4nbbe3iaxy ($),01/02/2024,1.59
dms-7oumfmr7ue3i2ll44t4pgqns7ce5m4nbbe3iaxy ($),01/03/2024,1.07
dms-7oumfmr7ue3i2ll44t4pgqns7ce5m4nbbe3iaxy ($),01/04/2024,1.14
dms-7oumfmr7ue3i2ll44t4pgqns7ce5m4nbbe3iaxy ($),01/05/2024,1.07
dms-7oumfmr7ue3i2ll44t4pgqns7ce5m4nbbe3iaxy ($),01/06/2024,1.4
dms-7oumfmr7ue3i2ll44t4pgqns7ce5m4nbbe3iaxy ($),01/07/2024,1.38
dms-7oumfmr7ue3i2ll44t4pgqns7ce5m4nbbe3iaxy ($),01/08/2024,1.25
dms-7oumfmr7ue3i2ll44t4pgqns7ce5m4nbbe3iaxy ($),01/09/2024,1.09
e2e-logs ($),01/01/2024,1.28
e2e-logs ($),01/02/2024,1.28
e2e-logs ($),01/03/2024,1.28
e2e-logs ($),01/04/2024,1.28
e2e-logs ($),01/05/2024,1.28
e2e-logs ($),01/06/2024,1.28
e2e-logs ($),01/07/2024,1.28
e2e-logs ($),01/08/2024,1.28
e2e-logs ($),01/09/2024,1.28
fuelone-prod ($),01/01/2024,0.21
fuelone-prod ($),01/02/2024,0.36
fuelone-prod ($),01/03/2024,0.57
fuelone-prod ($),01/04/2024,0.93
fuelone-prod ($),01/05/2024,1.23
fuelone-prod ($),01/06/2024,1.53
fuelone-prod ($),01/07/2024,1.86
fuelone-prod ($),01/08/2024,2.21
fuelone-prod ($),01/09/2024,2.59
hk-react-builds ($),01/01/2024,1.26
hk-react-builds ($),01/02/2024,1.26
hk-react-builds ($),01/03/2024,1.26
hk-react-builds ($),01/04/2024,1.26
hk-react-builds ($),01/05/2024,1.26
hk-react-builds ($),01/06/2024,1.26
hk-react-builds ($),01/07/2024,1.26
hk-react-builds ($),01/08/2024,1.26
hk-react-builds ($),01/09/2024,1.26
No Resources ($),01/01/2024,0.28
No Resources ($),01/02/2024,0.29
No Resources ($),01/03/2024,0.23
No Resources ($),01/04/2024,1.02
No Resources ($),01/05/2024,0.27
No Resources ($),01/06/2024,0.27
No Resources ($),01/07/2024,0.44
No Resources ($),01/08/2024,6.28
No Resources ($),01/09/2024,1.98
dms-xispms7bqrrw5ltchajkkixelo6nb3ay4u6boba ($),01/01/2024,1.32
dms-xispms7bqrrw5ltchajkkixelo6nb3ay4u6boba ($),01/02/2024,1.13
dms-xispms7bqrrw5ltchajkkixelo6nb3ay4u6boba ($),01/03/2024,0.77
dms-xispms7bqrrw5ltchajkkixelo6nb3ay4u6boba ($),01/04/2024,0.79
dms-xispms7bqrrw5ltchajkkixelo6nb3ay4u6boba ($),01/05/2024,0.64
dms-xispms7bqrrw5ltchajkkixelo6nb3ay4u6boba ($),01/06/2024,0.77
dms-xispms7bqrrw5ltchajkkixelo6nb3ay4u6boba ($),01/07/2024,0.84
dms-xispms7bqrrw5ltchajkkixelo6nb3ay4u6boba ($),01/08/2024,1.26
dms-xispms7bqrrw5ltchajkkixelo6nb3ay4u6boba ($),01/09/2024,1.39
offer-service-druid-qa ($),01/01/2024,0.99
offer-service-druid-qa ($),01/02/2024,0.99
offer-service-druid-qa ($),01/03/2024,0.99
offer-service-druid-qa ($),01/04/2024,0.99
offer-service-druid-qa ($),01/05/2024,0.99
offer-service-druid-qa ($),01/06/2024,0.99
offer-service-druid-qa ($),01/07/2024,0.99
offer-service-druid-qa ($),01/08/2024,0.99
offer-service-druid-qa ($),01/09/2024,0.99
gritzo-prod-clickstream ($),01/01/2024,0.52
gritzo-prod-clickstream ($),01/02/2024,0.82
gritzo-prod-clickstream ($),01/03/2024,0.84
gritzo-prod-clickstream ($),01/04/2024,0.84
gritzo-prod-clickstream ($),01/05/2024,0.84
gritzo-prod-clickstream ($),01/06/2024,0.84
gritzo-prod-clickstream ($),01/07/2024,0.84
gritzo-prod-clickstream ($),01/08/2024,0.84
gritzo-prod-clickstream ($),01/09/2024,0.84
prodomniusers ($),01/01/2024,0.67
prodomniusers ($),01/02/2024,0.67
prodomniusers ($),01/03/2024,0.67
prodomniusers ($),01/04/2024,0.67
prodomniusers ($),01/05/2024,0.67
prodomniusers ($),01/06/2024,0.67
prodomniusers ($),01/07/2024,0.67
prodomniusers ($),01/08/2024,0.67
prodomniusers ($),01/09/2024,0.67
customer-segmentation-hk ($),01/01/2024,0.07
customer-segmentation-hk ($),01/02/2024,0.08
customer-segmentation-hk ($),01/03/2024,0.57
customer-segmentation-hk ($),01/04/2024,0.63
customer-segmentation-hk ($),01/05/2024,0.74
customer-segmentation-hk ($),01/06/2024,1.75
customer-segmentation-hk ($),01/07/2024,0.84
customer-segmentation-hk ($),01/08/2024,0.64
customer-segmentation-hk ($),01/09/2024,0.64
hk-vms-backup ($),01/01/2024,0.52
hk-vms-backup ($),01/02/2024,0.54
hk-vms-backup ($),01/03/2024,0.56
hk-vms-backup ($),01/04/2024,0.57
hk-vms-backup ($),01/05/2024,0.59
hk-vms-backup ($),01/06/2024,0.6
hk-vms-backup ($),01/07/2024,0.61
hk-vms-backup ($),01/08/2024,0.61
hk-vms-backup ($),01/09/2024,0.61
b2bcontact-sync ($),01/01/2024,0.48
b2bcontact-sync ($),01/02/2024,0.48
b2bcontact-sync ($),01/03/2024,0.48
b2bcontact-sync ($),01/04/2024,0.48
b2bcontact-sync ($),01/05/2024,0.48
b2bcontact-sync ($),01/06/2024,0.48
b2bcontact-sync ($),01/07/2024,0.48
b2bcontact-sync ($),01/08/2024,0.48
b2bcontact-sync ($),01/09/2024,0.48
modelshkreco-2022 ($),01/01/2024,0.48
modelshkreco-2022 ($),01/02/2024,0.48
modelshkreco-2022 ($),01/03/2024,0.48
modelshkreco-2022 ($),01/04/2024,0.48
modelshkreco-2022 ($),01/05/2024,0.48
modelshkreco-2022 ($),01/06/2024,0.48
modelshkreco-2022 ($),01/07/2024,0.48
modelshkreco-2022 ($),01/08/2024,0.48
modelshkreco-2022 ($),01/09/2024,0.48
testhkbuck ($),01/01/2024,0.39
testhkbuck ($),01/02/2024,0.41
testhkbuck ($),01/03/2024,0.42
testhkbuck ($),01/04/2024,0.44
testhkbuck ($),01/05/2024,0.46
testhkbuck ($),01/06/2024,0.47
testhkbuck ($),01/07/2024,0.48
testhkbuck ($),01/08/2024,0.49
testhkbuck ($),01/09/2024,0.5
aws-athena-query-results-503472024152-ap-south-1 ($),01/01/2024,0.36
aws-athena-query-results-503472024152-ap-south-1 ($),01/02/2024,0.36
aws-athena-query-results-503472024152-ap-south-1 ($),01/03/2024,0.36
aws-athena-query-results-503472024152-ap-south-1 ($),01/04/2024,0.36
aws-athena-query-results-503472024152-ap-south-1 ($),01/05/2024,0.36
aws-athena-query-results-503472024152-ap-south-1 ($),01/06/2024,0.36
aws-athena-query-results-503472024152-ap-south-1 ($),01/07/2024,0.36
aws-athena-query-results-503472024152-ap-south-1 ($),01/08/2024,0.36
aws-athena-query-results-503472024152-ap-south-1 ($),01/09/2024,0.36
mbdev-analytics ($),01/01/2024,0.47
mbdev-analytics ($),01/02/2024,0.36
mbdev-analytics ($),01/03/2024,0.34
mbdev-analytics ($),01/04/2024,0.35
mbdev-analytics ($),01/05/2024,0.33
mbdev-analytics ($),01/06/2024,0.34
mbdev-analytics ($),01/07/2024,0.38
mbdev-analytics ($),01/08/2024,0.31
mbdev-analytics ($),01/09/2024,0.29
hkvital-new-mobile-analytics ($),01/01/2024,0.25
hkvital-new-mobile-analytics ($),01/02/2024,0.27
hkvital-new-mobile-analytics ($),01/03/2024,0.29
hkvital-new-mobile-analytics ($),01/04/2024,0.25
hkvital-new-mobile-analytics ($),01/05/2024,0.28
hkvital-new-mobile-analytics ($),01/06/2024,0.3
hkvital-new-mobile-analytics ($),01/07/2024,0.31
hkvital-new-mobile-analytics ($),01/08/2024,0.32
hkvital-new-mobile-analytics ($),01/09/2024,0.37
hkbeta-analytics ($),01/01/2024,0.18
hkbeta-analytics ($),01/02/2024,0.21
hkbeta-analytics ($),01/03/2024,0.23
hkbeta-analytics ($),01/04/2024,0.25
hkbeta-analytics ($),01/05/2024,0.27
hkbeta-analytics ($),01/06/2024,0.3
hkbeta-analytics ($),01/07/2024,0.32
hkbeta-analytics ($),01/08/2024,0.35
hkbeta-analytics ($),01/09/2024,0.37
hktokbox ($),01/01/2024,0.52
hktokbox ($),01/02/2024,0.52
hktokbox ($),01/03/2024,0.52
hktokbox ($),01/04/2024,0.52
hktokbox ($),01/05/2024,0.39
hktokbox ($),01/06/2024,0
hktokbox ($),01/07/2024,0
hktokbox ($),01/08/2024,0
hktokbox ($),01/09/2024,0
falconautotech ($),01/01/2024,0
falconautotech ($),01/02/2024,0
falconautotech ($),01/03/2024,0.01
falconautotech ($),01/04/2024,0.35
falconautotech ($),01/05/2024,0.3
falconautotech ($),01/06/2024,0.29
falconautotech ($),01/07/2024,0.29
falconautotech ($),01/08/2024,0.29
falconautotech ($),01/09/2024,0.29
hkmarketing-new ($),01/01/2024,0.28
hkmarketing-new ($),01/02/2024,0.26
hkmarketing-new ($),01/03/2024,0.21
hkmarketing-new ($),01/04/2024,0.2
hkmarketing-new ($),01/05/2024,0.21
hkmarketing-new ($),01/06/2024,0.19
hkmarketing-new ($),01/07/2024,0.2
hkmarketing-new ($),01/08/2024,0.14
hkmarketing-new ($),01/09/2024,0.12
dms-4jfwvhjk5mdkyewzpvvpfscrklqfs4tzridwwha ($),01/01/2024,0.26
dms-4jfwvhjk5mdkyewzpvvpfscrklqfs4tzridwwha ($),01/02/2024,0.19
dms-4jfwvhjk5mdkyewzpvvpfscrklqfs4tzridwwha ($),01/03/2024,0.15
dms-4jfwvhjk5mdkyewzpvvpfscrklqfs4tzridwwha ($),01/04/2024,0.15
dms-4jfwvhjk5mdkyewzpvvpfscrklqfs4tzridwwha ($),01/05/2024,0.19
dms-4jfwvhjk5mdkyewzpvvpfscrklqfs4tzridwwha ($),01/06/2024,0.26
dms-4jfwvhjk5mdkyewzpvvpfscrklqfs4tzridwwha ($),01/07/2024,0.18
dms-4jfwvhjk5mdkyewzpvvpfscrklqfs4tzridwwha ($),01/08/2024,0.17
dms-4jfwvhjk5mdkyewzpvvpfscrklqfs4tzridwwha ($),01/09/2024,0.17
newseospider-ami ($),01/01/2024,0.12
newseospider-ami ($),01/02/2024,0.12
newseospider-ami ($),01/03/2024,0.12
newseospider-ami ($),01/04/2024,0.12
newseospider-ami ($),01/05/2024,0.12
newseospider-ami ($),01/06/2024,0.12
newseospider-ami ($),01/07/2024,0.12
newseospider-ami ($),01/08/2024,0.12
newseospider-ami ($),01/09/2024,0.12
amis-for-503472024152-in-ap-south-1-fco0wboq ($),01/01/2024,0.12
amis-for-503472024152-in-ap-south-1-fco0wboq ($),01/02/2024,0.12
amis-for-503472024152-in-ap-south-1-fco0wboq ($),01/03/2024,0.12
amis-for-503472024152-in-ap-south-1-fco0wboq ($),01/04/2024,0.12
amis-for-503472024152-in-ap-south-1-fco0wboq ($),01/05/2024,0.12
amis-for-503472024152-in-ap-south-1-fco0wboq ($),01/06/2024,0.12
amis-for-503472024152-in-ap-south-1-fco0wboq ($),01/07/2024,0.12
amis-for-503472024152-in-ap-south-1-fco0wboq ($),01/08/2024,0.12
amis-for-503472024152-in-ap-south-1-fco0wboq ($),01/09/2024,0.12
hklabreport ($),01/01/2024,0.12
hklabreport ($),01/02/2024,0.12
hklabreport ($),01/03/2024,0.12
hklabreport ($),01/04/2024,0.12
hklabreport ($),01/05/2024,0.12
hklabreport ($),01/06/2024,0.12
hklabreport ($),01/07/2024,0.12
hklabreport ($),01/08/2024,0.12
hklabreport ($),01/09/2024,0.12
mbbeta-analytics ($),01/01/2024,0.09
mbbeta-analytics ($),01/02/2024,0.1
mbbeta-analytics ($),01/03/2024,0.1
mbbeta-analytics ($),01/04/2024,0.11
mbbeta-analytics ($),01/05/2024,0.11
mbbeta-analytics ($),01/06/2024,0.12
mbbeta-analytics ($),01/07/2024,0.13
mbbeta-analytics ($),01/08/2024,0.14
mbbeta-analytics ($),01/09/2024,0.14
tbdev-analytics ($),01/01/2024,0.1
tbdev-analytics ($),01/02/2024,0.09
tbdev-analytics ($),01/03/2024,0.11
tbdev-analytics ($),01/04/2024,0.07
tbdev-analytics ($),01/05/2024,0.09
tbdev-analytics ($),01/06/2024,0.11
tbdev-analytics ($),01/07/2024,0.09
tbdev-analytics ($),01/08/2024,0.07
tbdev-analytics ($),01/09/2024,0.11
hk-dev-clickstream ($),01/01/2024,0.08
hk-dev-clickstream ($),01/02/2024,0.09
hk-dev-clickstream ($),01/03/2024,0.08
hk-dev-clickstream ($),01/04/2024,0.08
hk-dev-clickstream ($),01/05/2024,0.08
hk-dev-clickstream ($),01/06/2024,0.08
hk-dev-clickstream ($),01/07/2024,0.09
hk-dev-clickstream ($),01/08/2024,0.08
hk-dev-clickstream ($),01/09/2024,0.08
testing-sync-dr ($),01/01/2024,0.07
testing-sync-dr ($),01/02/2024,0.07
testing-sync-dr ($),01/03/2024,0.07
testing-sync-dr ($),01/04/2024,0.07
testing-sync-dr ($),01/05/2024,0.07
testing-sync-dr ($),01/06/2024,0.07
testing-sync-dr ($),01/07/2024,0.07
testing-sync-dr ($),01/08/2024,0.07
testing-sync-dr ($),01/09/2024,0.07
healthkart ($),01/01/2024,0.07
healthkart ($),01/02/2024,0.07
healthkart ($),01/03/2024,0.07
healthkart ($),01/04/2024,0.07
healthkart ($),01/05/2024,0.07
healthkart ($),01/06/2024,0.07
healthkart ($),01/07/2024,0.07
healthkart ($),01/08/2024,0.07
healthkart ($),01/09/2024,0.07
hk-workout-videos ($),01/01/2024,0.06
hk-workout-videos ($),01/02/2024,0.06
hk-workout-videos ($),01/03/2024,0.06
hk-workout-videos ($),01/04/2024,0.06
hk-workout-videos ($),01/05/2024,0.06
hk-workout-videos ($),01/06/2024,0.06
hk-workout-videos ($),01/07/2024,0.06
hk-workout-videos ($),01/08/2024,0.06
hk-workout-videos ($),01/09/2024,0.06
logistics-cost-for-bm ($),01/01/2024,0.03
logistics-cost-for-bm ($),01/02/2024,0.03
logistics-cost-for-bm ($),01/03/2024,0.03
logistics-cost-for-bm ($),01/04/2024,0.03
logistics-cost-for-bm ($),01/05/2024,0.03
logistics-cost-for-bm ($),01/06/2024,0.04
logistics-cost-for-bm ($),01/07/2024,0.04
logistics-cost-for-bm ($),01/08/2024,0.05
logistics-cost-for-bm ($),01/09/2024,0.05
hkvitalbeta-analytics ($),01/01/2024,0.02
hkvitalbeta-analytics ($),01/02/2024,0.03
hkvitalbeta-analytics ($),01/03/2024,0.03
hkvitalbeta-analytics ($),01/04/2024,0.03
hkvitalbeta-analytics ($),01/05/2024,0.03
hkvitalbeta-analytics ($),01/06/2024,0.03
hkvitalbeta-analytics ($),01/07/2024,0.03
hkvitalbeta-analytics ($),01/08/2024,0.04
hkvitalbeta-analytics ($),01/09/2024,0.05
hk-batch-coupon-prod ($),01/01/2024,0.02
hk-batch-coupon-prod ($),01/02/2024,0.02
hk-batch-coupon-prod ($),01/03/2024,0.02
hk-batch-coupon-prod ($),01/04/2024,0.02
hk-batch-coupon-prod ($),01/05/2024,0.02
hk-batch-coupon-prod ($),01/06/2024,0.03
hk-batch-coupon-prod ($),01/07/2024,0.03
hk-batch-coupon-prod ($),01/08/2024,0.03
hk-batch-coupon-prod ($),01/09/2024,0.03
aws-glue-temporary-503472024152-ap-south-1 ($),01/01/2024,0.02
aws-glue-temporary-503472024152-ap-south-1 ($),01/02/2024,0.02
aws-glue-temporary-503472024152-ap-south-1 ($),01/03/2024,0.02
aws-glue-temporary-503472024152-ap-south-1 ($),01/04/2024,0.02
aws-glue-temporary-503472024152-ap-south-1 ($),01/05/2024,0.02
aws-glue-temporary-503472024152-ap-south-1 ($),01/06/2024,0.02
aws-glue-temporary-503472024152-ap-south-1 ($),01/07/2024,0.02
aws-glue-temporary-503472024152-ap-south-1 ($),01/08/2024,0.02
aws-glue-temporary-503472024152-ap-south-1 ($),01/09/2024,0.02
newseospider-am2 ($),01/01/2024,0.02
newseospider-am2 ($),01/02/2024,0.02
newseospider-am2 ($),01/03/2024,0.02
newseospider-am2 ($),01/04/2024,0.02
newseospider-am2 ($),01/05/2024,0.02
newseospider-am2 ($),01/06/2024,0.02
newseospider-am2 ($),01/07/2024,0.02
newseospider-am2 ($),01/08/2024,0.02
newseospider-am2 ($),01/09/2024,0.02
vod-stack-destination-7ys4qwgpkvpw ($),01/01/2024,0.02
vod-stack-destination-7ys4qwgpkvpw ($),01/02/2024,0.02
vod-stack-destination-7ys4qwgpkvpw ($),01/03/2024,0.02
vod-stack-destination-7ys4qwgpkvpw ($),01/04/2024,0.02
vod-stack-destination-7ys4qwgpkvpw ($),01/05/2024,0.02
vod-stack-destination-7ys4qwgpkvpw ($),01/06/2024,0.02
vod-stack-destination-7ys4qwgpkvpw ($),01/07/2024,0.02
vod-stack-destination-7ys4qwgpkvpw ($),01/08/2024,0.02
vod-stack-destination-7ys4qwgpkvpw ($),01/09/2024,0.02
prodomniusers-crop ($),01/01/2024,0.02
prodomniusers-crop ($),01/02/2024,0.02
prodomniusers-crop ($),01/03/2024,0.02
prodomniusers-crop ($),01/04/2024,0.02
prodomniusers-crop ($),01/05/2024,0.02
prodomniusers-crop ($),01/06/2024,0.02
prodomniusers-crop ($),01/07/2024,0.02
prodomniusers-crop ($),01/08/2024,0.02
prodomniusers-crop ($),01/09/2024,0.02
vod-stack-source-1wouiif93c6t ($),01/01/2024,0.02
vod-stack-source-1wouiif93c6t ($),01/02/2024,0.02
vod-stack-source-1wouiif93c6t ($),01/03/2024,0.02
vod-stack-source-1wouiif93c6t ($),01/04/2024,0.02
vod-stack-source-1wouiif93c6t ($),01/05/2024,0.02
vod-stack-source-1wouiif93c6t ($),01/06/2024,0.02
vod-stack-source-1wouiif93c6t ($),01/07/2024,0.02
vod-stack-source-1wouiif93c6t ($),01/08/2024,0.02
vod-stack-source-1wouiif93c6t ($),01/09/2024,0.02
hkvitalclickstream-beta ($),01/01/2024,0.01
hkvitalclickstream-beta ($),01/02/2024,0.01
hkvitalclickstream-beta ($),01/03/2024,0.01
hkvitalclickstream-beta ($),01/04/2024,0.02
hkvitalclickstream-beta ($),01/05/2024,0.02
hkvitalclickstream-beta ($),01/06/2024,0.02
hkvitalclickstream-beta ($),01/07/2024,0.02
hkvitalclickstream-beta ($),01/08/2024,0.02
hkvitalclickstream-beta ($),01/09/2024,0.02
gritzoclickstream-dev ($),01/01/2024,0.01
gritzoclickstream-dev ($),01/02/2024,0.01
gritzoclickstream-dev ($),01/03/2024,0.01
gritzoclickstream-dev ($),01/04/2024,0.01
gritzoclickstream-dev ($),01/05/2024,0.01
gritzoclickstream-dev ($),01/06/2024,0.01
gritzoclickstream-dev ($),01/07/2024,0.02
gritzoclickstream-dev ($),01/08/2024,0.03
gritzoclickstream-dev ($),01/09/2024,0.03
hkprodvideo ($),01/01/2024,0.01
hkprodvideo ($),01/02/2024,0.01
hkprodvideo ($),01/03/2024,0.02
hkprodvideo ($),01/04/2024,0.02
hkprodvideo ($),01/05/2024,0.01
hkprodvideo ($),01/06/2024,0.01
hkprodvideo ($),01/07/2024,0.01
hkprodvideo ($),01/08/2024,0.01
hkprodvideo ($),01/09/2024,0.01
healthkartiosbuilds ($),01/01/2024,0.02
healthkartiosbuilds ($),01/02/2024,0.02
healthkartiosbuilds ($),01/03/2024,0.02
healthkartiosbuilds ($),01/04/2024,0.02
healthkartiosbuilds ($),01/05/2024,0.01
healthkartiosbuilds ($),01/06/2024,0
healthkartiosbuilds ($),01/07/2024,0
healthkartiosbuilds ($),01/08/2024,0
healthkartiosbuilds ($),01/09/2024,0
callconsulthk ($),01/01/2024,0.01
callconsulthk ($),01/02/2024,0.01
callconsulthk ($),01/03/2024,0.01
callconsulthk ($),01/04/2024,0.01
callconsulthk ($),01/05/2024,0.01
callconsulthk ($),01/06/2024,0.01
callconsulthk ($),01/07/2024,0.01
callconsulthk ($),01/08/2024,0.01
callconsulthk ($),01/09/2024,0.01
fuelone-beta ($),01/01/2024,0.01
fuelone-beta ($),01/02/2024,0.01
fuelone-beta ($),01/03/2024,0.01
fuelone-beta ($),01/04/2024,0.01
fuelone-beta ($),01/05/2024,0.01
fuelone-beta ($),01/06/2024,0.01
fuelone-beta ($),01/07/2024,0.01
fuelone-beta ($),01/08/2024,0.01
fuelone-beta ($),01/09/2024,0.01
prod-video-service-logs-1grt7anjk8cv3 ($),01/01/2024,0.01
prod-video-service-logs-1grt7anjk8cv3 ($),01/02/2024,0.01
prod-video-service-logs-1grt7anjk8cv3 ($),01/03/2024,0.01
prod-video-service-logs-1grt7anjk8cv3 ($),01/04/2024,0.01
prod-video-service-logs-1grt7anjk8cv3 ($),01/05/2024,0.01
prod-video-service-logs-1grt7anjk8cv3 ($),01/06/2024,0.01
prod-video-service-logs-1grt7anjk8cv3 ($),01/07/2024,0.01
prod-video-service-logs-1grt7anjk8cv3 ($),01/08/2024,0.01
prod-video-service-logs-1grt7anjk8cv3 ($),01/09/2024,0.01
testami1hk ($),01/01/2024,0.01
testami1hk ($),01/02/2024,0.01
testami1hk ($),01/03/2024,0.01
testami1hk ($),01/04/2024,0.01
testami1hk ($),01/05/2024,0.01
testami1hk ($),01/06/2024,0.01
testami1hk ($),01/07/2024,0.01
testami1hk ($),01/08/2024,0.01
testami1hk ($),01/09/2024,0.01
vod-stack-logs-8w8qdeqahqpz ($),01/01/2024,0.01
vod-stack-logs-8w8qdeqahqpz ($),01/02/2024,0.01
vod-stack-logs-8w8qdeqahqpz ($),01/03/2024,0.01
vod-stack-logs-8w8qdeqahqpz ($),01/04/2024,0.01
vod-stack-logs-8w8qdeqahqpz ($),01/05/2024,0.01
vod-stack-logs-8w8qdeqahqpz ($),01/06/2024,0.01
vod-stack-logs-8w8qdeqahqpz ($),01/07/2024,0.01
vod-stack-logs-8w8qdeqahqpz ($),01/08/2024,0.01
vod-stack-logs-8w8qdeqahqpz ($),01/09/2024,0.01
aws-logs-503472024152-ap-south-1 ($),01/01/2024,0.01
aws-logs-503472024152-ap-south-1 ($),01/02/2024,0.01
aws-logs-503472024152-ap-south-1 ($),01/03/2024,0.01
aws-logs-503472024152-ap-south-1 ($),01/04/2024,0.01
aws-logs-503472024152-ap-south-1 ($),01/05/2024,0.01
aws-logs-503472024152-ap-south-1 ($),01/06/2024,0.01
aws-logs-503472024152-ap-south-1 ($),01/07/2024,0.01
aws-logs-503472024152-ap-south-1 ($),01/08/2024,0.01
aws-logs-503472024152-ap-south-1 ($),01/09/2024,0.01
hkdetailedreport ($),01/01/2024,0.01
hkdetailedreport ($),01/02/2024,0.01
hkdetailedreport ($),01/03/2024,0.01
hkdetailedreport ($),01/04/2024,0.01
hkdetailedreport ($),01/05/2024,0.01
hkdetailedreport ($),01/06/2024,0.01
hkdetailedreport ($),01/07/2024,0.01
hkdetailedreport ($),01/08/2024,0.01
hkdetailedreport ($),01/09/2024,0.01
tbbeta-analytics ($),01/01/2024,0.01
tbbeta-analytics ($),01/02/2024,0.01
tbbeta-analytics ($),01/03/2024,0.01
tbbeta-analytics ($),01/04/2024,0.01
tbbeta-analytics ($),01/05/2024,0.01
tbbeta-analytics ($),01/06/2024,0.01
tbbeta-analytics ($),01/07/2024,0.01
tbbeta-analytics ($),01/08/2024,0.01
tbbeta-analytics ($),01/09/2024,0.01
hk-batch-coupon-qa ($),01/01/2024,0.01
hk-batch-coupon-qa ($),01/02/2024,0.01
hk-batch-coupon-qa ($),01/03/2024,0.01
hk-batch-coupon-qa ($),01/04/2024,0.01
hk-batch-coupon-qa ($),01/05/2024,0.01
hk-batch-coupon-qa ($),01/06/2024,0.01
hk-batch-coupon-qa ($),01/07/2024,0.01
hk-batch-coupon-qa ($),01/08/2024,0.01
hk-batch-coupon-qa ($),01/09/2024,0.01
connecthkdev ($),01/01/2024,0.01
connecthkdev ($),01/02/2024,0.01
connecthkdev ($),01/03/2024,0.01
connecthkdev ($),01/04/2024,0.01
connecthkdev ($),01/05/2024,0.01
connecthkdev ($),01/06/2024,0.01
connecthkdev ($),01/07/2024,0.01
connecthkdev ($),01/08/2024,0.01
connecthkdev ($),01/09/2024,0.01
hkreviews-qa ($),01/01/2024,0.01
hkreviews-qa ($),01/02/2024,0.01
hkreviews-qa ($),01/03/2024,0.01
hkreviews-qa ($),01/04/2024,0.01
hkreviews-qa ($),01/05/2024,0.01
hkreviews-qa ($),01/06/2024,0.01
hkreviews-qa ($),01/07/2024,0.01
hkreviews-qa ($),01/08/2024,0.01
hkreviews-qa ($),01/09/2024,0.01
fgliquidation ($),01/01/2024,0.01
fgliquidation ($),01/02/2024,0.01
fgliquidation ($),01/03/2024,0.01
fgliquidation ($),01/04/2024,0.01
fgliquidation ($),01/05/2024,0.01
fgliquidation ($),01/06/2024,0.01
fgliquidation ($),01/07/2024,0.01
fgliquidation ($),01/08/2024,0.01
fgliquidation ($),01/09/2024,0.01
vod-stack-logs-1w7tcmqmty7ft ($),01/01/2024,0.01
vod-stack-logs-1w7tcmqmty7ft ($),01/02/2024,0.01
vod-stack-logs-1w7tcmqmty7ft ($),01/03/2024,0.01
vod-stack-logs-1w7tcmqmty7ft ($),01/04/2024,0.01
vod-stack-logs-1w7tcmqmty7ft ($),01/05/2024,0.01
vod-stack-logs-1w7tcmqmty7ft ($),01/06/2024,0.01
vod-stack-logs-1w7tcmqmty7ft ($),01/07/2024,0.01
vod-stack-logs-1w7tcmqmty7ft ($),01/08/2024,0.01
vod-stack-logs-1w7tcmqmty7ft ($),01/09/2024,0.01
hk-qa-ap ($),01/01/2024,0.01
hk-qa-ap ($),01/02/2024,0.01
hk-qa-ap ($),01/03/2024,0.01
hk-qa-ap ($),01/04/2024,0.01
hk-qa-ap ($),01/05/2024,0.01
hk-qa-ap ($),01/06/2024,0.01
hk-qa-ap ($),01/07/2024,0.01
hk-qa-ap ($),01/08/2024,0.01
hk-qa-ap ($),01/09/2024,0.01
whatsapp-crawler-new ($),01/01/2024,0.01
whatsapp-crawler-new ($),01/02/2024,0.01
whatsapp-crawler-new ($),01/03/2024,0.01
whatsapp-crawler-new ($),01/04/2024,0.01
whatsapp-crawler-new ($),01/05/2024,0.01
whatsapp-crawler-new ($),01/06/2024,0.01
whatsapp-crawler-new ($),01/07/2024,0.01
whatsapp-crawler-new ($),01/08/2024,0.01
whatsapp-crawler-new ($),01/09/2024,0.01
zendesk-hlkt-data ($),01/01/2024,0.01
zendesk-hlkt-data ($),01/02/2024,0.01
zendesk-hlkt-data ($),01/03/2024,0.01
zendesk-hlkt-data ($),01/04/2024,0.01
zendesk-hlkt-data ($),01/05/2024,0.01
zendesk-hlkt-data ($),01/06/2024,0.01
zendesk-hlkt-data ($),01/07/2024,0.01
zendesk-hlkt-data ($),01/08/2024,0.01
zendesk-hlkt-data ($),01/09/2024,0.01
testing-sync-dr-backup ($),01/01/2024,0.01
testing-sync-dr-backup ($),01/02/2024,0.01
testing-sync-dr-backup ($),01/03/2024,0
testing-sync-dr-backup ($),01/04/2024,0.01
testing-sync-dr-backup ($),01/05/2024,0.01
testing-sync-dr-backup ($),01/06/2024,0.01
testing-sync-dr-backup ($),01/07/2024,0.01
testing-sync-dr-backup ($),01/08/2024,0.01
testing-sync-dr-backup ($),01/09/2024,0.01
prod-video-service-destination-oiat2go6ymd6 ($),01/01/2024,0
prod-video-service-destination-oiat2go6ymd6 ($),01/02/2024,0.01
prod-video-service-destination-oiat2go6ymd6 ($),01/03/2024,0.01
prod-video-service-destination-oiat2go6ymd6 ($),01/04/2024,0.01
prod-video-service-destination-oiat2go6ymd6 ($),01/05/2024,0
prod-video-service-destination-oiat2go6ymd6 ($),01/06/2024,0
prod-video-service-destination-oiat2go6ymd6 ($),01/07/2024,0
prod-video-service-destination-oiat2go6ymd6 ($),01/08/2024,0
prod-video-service-destination-oiat2go6ymd6 ($),01/09/2024,0
bm-analytics ($),01/01/2024,0.01
bm-analytics ($),01/02/2024,0.01
bm-analytics ($),01/03/2024,0.01
bm-analytics ($),01/04/2024,0
bm-analytics ($),01/05/2024,0
bm-analytics ($),01/06/2024,0
bm-analytics ($),01/07/2024,0
bm-analytics ($),01/08/2024,0
bm-analytics ($),01/09/2024,0
gritzoclickstream-beta ($),01/01/2024,0
gritzoclickstream-beta ($),01/02/2024,0
gritzoclickstream-beta ($),01/03/2024,0
gritzoclickstream-beta ($),01/04/2024,0
gritzoclickstream-beta ($),01/05/2024,0
gritzoclickstream-beta ($),01/06/2024,0
gritzoclickstream-beta ($),01/07/2024,0
gritzoclickstream-beta ($),01/08/2024,0.01
gritzoclickstream-beta ($),01/09/2024,0.01
vod-stack-2-destination920a3c57-jb6pslu2g4r9 ($),01/01/2024,0
vod-stack-2-destination920a3c57-jb6pslu2g4r9 ($),01/02/2024,0
vod-stack-2-destination920a3c57-jb6pslu2g4r9 ($),01/03/2024,0
vod-stack-2-destination920a3c57-jb6pslu2g4r9 ($),01/04/2024,0.01
vod-stack-2-destination920a3c57-jb6pslu2g4r9 ($),01/05/2024,0
vod-stack-2-destination920a3c57-jb6pslu2g4r9 ($),01/06/2024,0
vod-stack-2-destination920a3c57-jb6pslu2g4r9 ($),01/07/2024,0
vod-stack-2-destination920a3c57-jb6pslu2g4r9 ($),01/08/2024,0
vod-stack-2-destination920a3c57-jb6pslu2g4r9 ($),01/09/2024,0
www.fitslam.com ($),01/01/2024,0
www.fitslam.com ($),01/02/2024,0
www.fitslam.com ($),01/03/2024,0
www.fitslam.com ($),01/04/2024,0
www.fitslam.com ($),01/05/2024,0
www.fitslam.com ($),01/06/2024,0
www.fitslam.com ($),01/07/2024,0
www.fitslam.com ($),01/08/2024,0
www.fitslam.com ($),01/09/2024,0
userjourney ($),01/01/2024,0
userjourney ($),01/02/2024,0
userjourney ($),01/03/2024,0
userjourney ($),01/04/2024,0
userjourney ($),01/05/2024,0
userjourney ($),01/06/2024,0
userjourney ($),01/07/2024,0
userjourney ($),01/08/2024,0
userjourney ($),01/09/2024,0
sql-query-upload ($),01/01/2024,0
sql-query-upload ($),01/02/2024,0
sql-query-upload ($),01/03/2024,0
sql-query-upload ($),01/04/2024,0
sql-query-upload ($),01/05/2024,0
sql-query-upload ($),01/06/2024,0
sql-query-upload ($),01/07/2024,0
sql-query-upload ($),01/08/2024,0
sql-query-upload ($),01/09/2024,0
brand.hkrtcdn.com ($),01/01/2024,0
brand.hkrtcdn.com ($),01/02/2024,0
brand.hkrtcdn.com ($),01/03/2024,0
brand.hkrtcdn.com ($),01/04/2024,0
brand.hkrtcdn.com ($),01/05/2024,0
brand.hkrtcdn.com ($),01/06/2024,0
brand.hkrtcdn.com ($),01/07/2024,0
brand.hkrtcdn.com ($),01/08/2024,0
brand.hkrtcdn.com ($),01/09/2024,0
hkecomapp-hosting-mobilehub-1472452983 ($),01/01/2024,0
hkecomapp-hosting-mobilehub-1472452983 ($),01/02/2024,0
hkecomapp-hosting-mobilehub-1472452983 ($),01/03/2024,0
hkecomapp-hosting-mobilehub-1472452983 ($),01/04/2024,0
hkecomapp-hosting-mobilehub-1472452983 ($),01/05/2024,0
hkecomapp-hosting-mobilehub-1472452983 ($),01/06/2024,0
hkecomapp-hosting-mobilehub-1472452983 ($),01/07/2024,0
hkecomapp-hosting-mobilehub-1472452983 ($),01/08/2024,0
hkecomapp-hosting-mobilehub-1472452983 ($),01/09/2024,0
omnichannelusers ($),01/01/2024,0
omnichannelusers ($),01/02/2024,0
omnichannelusers ($),01/03/2024,0
omnichannelusers ($),01/04/2024,0
omnichannelusers ($),01/05/2024,0
omnichannelusers ($),01/06/2024,0
omnichannelusers ($),01/07/2024,0
omnichannelusers ($),01/08/2024,0
omnichannelusers ($),01/09/2024,0
dms-7ftw4aghtlvzcroezn3ga2amcdiqpij2neybqhi ($),01/01/2024,0
dms-7ftw4aghtlvzcroezn3ga2amcdiqpij2neybqhi ($),01/02/2024,0
dms-7ftw4aghtlvzcroezn3ga2amcdiqpij2neybqhi ($),01/03/2024,0
dms-7ftw4aghtlvzcroezn3ga2amcdiqpij2neybqhi ($),01/04/2024,0
dms-7ftw4aghtlvzcroezn3ga2amcdiqpij2neybqhi ($),01/05/2024,0
dms-7ftw4aghtlvzcroezn3ga2amcdiqpij2neybqhi ($),01/06/2024,0
dms-7ftw4aghtlvzcroezn3ga2amcdiqpij2neybqhi ($),01/07/2024,0
dms-7ftw4aghtlvzcroezn3ga2amcdiqpij2neybqhi ($),01/08/2024,0
dms-7ftw4aghtlvzcroezn3ga2amcdiqpij2neybqhi ($),01/09/2024,0
nourizaprod-hosting-mobilehub-499018347 ($),01/01/2024,0
nourizaprod-hosting-mobilehub-499018347 ($),01/02/2024,0
nourizaprod-hosting-mobilehub-499018347 ($),01/03/2024,0
nourizaprod-hosting-mobilehub-499018347 ($),01/04/2024,0
nourizaprod-hosting-mobilehub-499018347 ($),01/05/2024,0
nourizaprod-hosting-mobilehub-499018347 ($),01/06/2024,0
nourizaprod-hosting-mobilehub-499018347 ($),01/07/2024,0
nourizaprod-hosting-mobilehub-499018347 ($),01/08/2024,0
nourizaprod-hosting-mobilehub-499018347 ($),01/09/2024,0
tbprod-hosting-mobilehub-681360914 ($),01/01/2024,0
tbprod-hosting-mobilehub-681360914 ($),01/02/2024,0
tbprod-hosting-mobilehub-681360914 ($),01/03/2024,0
tbprod-hosting-mobilehub-681360914 ($),01/04/2024,0
tbprod-hosting-mobilehub-681360914 ($),01/05/2024,0
tbprod-hosting-mobilehub-681360914 ($),01/06/2024,0
tbprod-hosting-mobilehub-681360914 ($),01/07/2024,0
tbprod-hosting-mobilehub-681360914 ($),01/08/2024,0
tbprod-hosting-mobilehub-681360914 ($),01/09/2024,0
theproteinzoneprod-hosting-mobilehub-2016418934 ($),01/01/2024,0
theproteinzoneprod-hosting-mobilehub-2016418934 ($),01/02/2024,0
theproteinzoneprod-hosting-mobilehub-2016418934 ($),01/03/2024,0
theproteinzoneprod-hosting-mobilehub-2016418934 ($),01/04/2024,0
theproteinzoneprod-hosting-mobilehub-2016418934 ($),01/05/2024,0
theproteinzoneprod-hosting-mobilehub-2016418934 ($),01/06/2024,0
theproteinzoneprod-hosting-mobilehub-2016418934 ($),01/07/2024,0
theproteinzoneprod-hosting-mobilehub-2016418934 ($),01/08/2024,0
theproteinzoneprod-hosting-mobilehub-2016418934 ($),01/09/2024,0
olimedev-hosting-mobilehub-515595916 ($),01/01/2024,0
olimedev-hosting-mobilehub-515595916 ($),01/02/2024,0
olimedev-hosting-mobilehub-515595916 ($),01/03/2024,0
olimedev-hosting-mobilehub-515595916 ($),01/04/2024,0
olimedev-hosting-mobilehub-515595916 ($),01/05/2024,0
olimedev-hosting-mobilehub-515595916 ($),01/06/2024,0
olimedev-hosting-mobilehub-515595916 ($),01/07/2024,0
olimedev-hosting-mobilehub-515595916 ($),01/08/2024,0
olimedev-hosting-mobilehub-515595916 ($),01/09/2024,0
hkprod-hosting-mobilehub-1871586633 ($),01/01/2024,0
hkprod-hosting-mobilehub-1871586633 ($),01/02/2024,0
hkprod-hosting-mobilehub-1871586633 ($),01/03/2024,0
hkprod-hosting-mobilehub-1871586633 ($),01/04/2024,0
hkprod-hosting-mobilehub-1871586633 ($),01/05/2024,0
hkprod-hosting-mobilehub-1871586633 ($),01/06/2024,0
hkprod-hosting-mobilehub-1871586633 ($),01/07/2024,0
hkprod-hosting-mobilehub-1871586633 ($),01/08/2024,0
hkprod-hosting-mobilehub-1871586633 ($),01/09/2024,0
qa-hosting-mobilehub-39986289 ($),01/01/2024,0
qa-hosting-mobilehub-39986289 ($),01/02/2024,0
qa-hosting-mobilehub-39986289 ($),01/03/2024,0
qa-hosting-mobilehub-39986289 ($),01/04/2024,0
qa-hosting-mobilehub-39986289 ($),01/05/2024,0
qa-hosting-mobilehub-39986289 ($),01/06/2024,0
qa-hosting-mobilehub-39986289 ($),01/07/2024,0
qa-hosting-mobilehub-39986289 ($),01/08/2024,0
qa-hosting-mobilehub-39986289 ($),01/09/2024,0
tbdev-hosting-mobilehub-1861298407 ($),01/01/2024,0
tbdev-hosting-mobilehub-1861298407 ($),01/02/2024,0
tbdev-hosting-mobilehub-1861298407 ($),01/03/2024,0
tbdev-hosting-mobilehub-1861298407 ($),01/04/2024,0
tbdev-hosting-mobilehub-1861298407 ($),01/05/2024,0
tbdev-hosting-mobilehub-1861298407 ($),01/06/2024,0
tbdev-hosting-mobilehub-1861298407 ($),01/07/2024,0
tbdev-hosting-mobilehub-1861298407 ($),01/08/2024,0
tbdev-hosting-mobilehub-1861298407 ($),01/09/2024,0
gritzoprod-hosting-mobilehub-1575639536 ($),01/01/2024,0
gritzoprod-hosting-mobilehub-1575639536 ($),01/02/2024,0
gritzoprod-hosting-mobilehub-1575639536 ($),01/03/2024,0
gritzoprod-hosting-mobilehub-1575639536 ($),01/04/2024,0
gritzoprod-hosting-mobilehub-1575639536 ($),01/05/2024,0
gritzoprod-hosting-mobilehub-1575639536 ($),01/06/2024,0
gritzoprod-hosting-mobilehub-1575639536 ($),01/07/2024,0
gritzoprod-hosting-mobilehub-1575639536 ($),01/08/2024,0
gritzoprod-hosting-mobilehub-1575639536 ($),01/09/2024,0
fuelone-dev ($),01/01/2024,0
fuelone-dev ($),01/02/2024,0
fuelone-dev ($),01/03/2024,0
fuelone-dev ($),01/04/2024,0
fuelone-dev ($),01/05/2024,0
fuelone-dev ($),01/06/2024,0
fuelone-dev ($),01/07/2024,0
fuelone-dev ($),01/08/2024,0
fuelone-dev ($),01/09/2024,0
mbprod-hosting-mobilehub-902478371 ($),01/01/2024,0
mbprod-hosting-mobilehub-902478371 ($),01/02/2024,0
mbprod-hosting-mobilehub-902478371 ($),01/03/2024,0
mbprod-hosting-mobilehub-902478371 ($),01/04/2024,0
mbprod-hosting-mobilehub-902478371 ($),01/05/2024,0
mbprod-hosting-mobilehub-902478371 ($),01/06/2024,0
mbprod-hosting-mobilehub-902478371 ($),01/07/2024,0
mbprod-hosting-mobilehub-902478371 ($),01/08/2024,0
mbprod-hosting-mobilehub-902478371 ($),01/09/2024,0
eidata-analytics ($),01/01/2024,0
eidata-analytics ($),01/02/2024,0
eidata-analytics ($),01/03/2024,0
eidata-analytics ($),01/04/2024,0
eidata-analytics ($),01/05/2024,0
eidata-analytics ($),01/06/2024,0
eidata-analytics ($),01/07/2024,0
eidata-analytics ($),01/08/2024,0
eidata-analytics ($),01/09/2024,0
hk-analytics-finance ($),01/01/2024,0
hk-analytics-finance ($),01/02/2024,0
hk-analytics-finance ($),01/03/2024,0
hk-analytics-finance ($),01/04/2024,0
hk-analytics-finance ($),01/05/2024,0
hk-analytics-finance ($),01/06/2024,0
hk-analytics-finance ($),01/07/2024,0
hk-analytics-finance ($),01/08/2024,0
hk-analytics-finance ($),01/09/2024,0
hkvpc-flowlog ($),01/01/2024,0
hkvpc-flowlog ($),01/02/2024,0
hkvpc-flowlog ($),01/03/2024,0
hkvpc-flowlog ($),01/04/2024,0
hkvpc-flowlog ($),01/05/2024,0
hkvpc-flowlog ($),01/06/2024,0
hkvpc-flowlog ($),01/07/2024,0
hkvpc-flowlog ($),01/08/2024,0
hkvpc-flowlog ($),01/09/2024,0
hk-brand-page ($),01/01/2024,0
hk-brand-page ($),01/02/2024,0
hk-brand-page ($),01/03/2024,0
hk-brand-page ($),01/04/2024,0
hk-brand-page ($),01/05/2024,0
hk-brand-page ($),01/06/2024,0
hk-brand-page ($),01/07/2024,0
hk-brand-page ($),01/08/2024,0
hk-brand-page ($),01/09/2024,0
sagemaker-us-east-1-503472024152 ($),01/01/2024,0
sagemaker-us-east-1-503472024152 ($),01/02/2024,0
sagemaker-us-east-1-503472024152 ($),01/03/2024,0
sagemaker-us-east-1-503472024152 ($),01/04/2024,0
sagemaker-us-east-1-503472024152 ($),01/05/2024,0
sagemaker-us-east-1-503472024152 ($),01/06/2024,0
sagemaker-us-east-1-503472024152 ($),01/07/2024,0
sagemaker-us-east-1-503472024152 ($),01/08/2024,0
sagemaker-us-east-1-503472024152 ($),01/09/2024,0
analytics-data-share ($),01/01/2024,0
analytics-data-share ($),01/02/2024,0
analytics-data-share ($),01/03/2024,0
analytics-data-share ($),01/04/2024,0
analytics-data-share ($),01/05/2024,0
analytics-data-share ($),01/06/2024,0
analytics-data-share ($),01/07/2024,0
analytics-data-share ($),01/08/2024,0
analytics-data-share ($),01/09/2024,0
role-testing ($),01/01/2024,0
role-testing ($),01/02/2024,0
role-testing ($),01/03/2024,0
role-testing ($),01/04/2024,0
role-testing ($),01/05/2024,0
role-testing ($),01/06/2024,0
role-testing ($),01/07/2024,0
role-testing ($),01/08/2024,0
role-testing ($),01/09/2024,0
vod-stack-2-logs6819bb44-mohnbhmyihw8 ($),01/01/2024,0
vod-stack-2-logs6819bb44-mohnbhmyihw8 ($),01/02/2024,0
vod-stack-2-logs6819bb44-mohnbhmyihw8 ($),01/03/2024,0
vod-stack-2-logs6819bb44-mohnbhmyihw8 ($),01/04/2024,0
vod-stack-2-logs6819bb44-mohnbhmyihw8 ($),01/05/2024,0
vod-stack-2-logs6819bb44-mohnbhmyihw8 ($),01/06/2024,0
vod-stack-2-logs6819bb44-mohnbhmyihw8 ($),01/07/2024,0
vod-stack-2-logs6819bb44-mohnbhmyihw8 ($),01/08/2024,0
vod-stack-2-logs6819bb44-mohnbhmyihw8 ($),01/09/2024,0
whatsapp-crawler ($),01/01/2024,0
whatsapp-crawler ($),01/02/2024,0
whatsapp-crawler ($),01/03/2024,0
whatsapp-crawler ($),01/04/2024,0
whatsapp-crawler ($),01/05/2024,0
whatsapp-crawler ($),01/06/2024,0
whatsapp-crawler ($),01/07/2024,0
whatsapp-crawler ($),01/08/2024,0
whatsapp-crawler ($),01/09/2024,0
hk-digitalmarketing ($),01/01/2024,0
hk-digitalmarketing ($),01/02/2024,0
hk-digitalmarketing ($),01/03/2024,0
hk-digitalmarketing ($),01/04/2024,0
hk-digitalmarketing ($),01/05/2024,0
hk-digitalmarketing ($),01/06/2024,0
hk-digitalmarketing ($),01/07/2024,0
hk-digitalmarketing ($),01/08/2024,0
hk-digitalmarketing ($),01/09/2024,0
prod-video-service-source-lqbxp57yie5q ($),01/01/2024,0
prod-video-service-source-lqbxp57yie5q ($),01/02/2024,0
prod-video-service-source-lqbxp57yie5q ($),01/03/2024,0
prod-video-service-source-lqbxp57yie5q ($),01/04/2024,0
prod-video-service-source-lqbxp57yie5q ($),01/05/2024,0
prod-video-service-source-lqbxp57yie5q ($),01/06/2024,0
prod-video-service-source-lqbxp57yie5q ($),01/07/2024,0
prod-video-service-source-lqbxp57yie5q ($),01/08/2024,0
prod-video-service-source-lqbxp57yie5q ($),01/09/2024,0
central-0ffice-data-share ($),01/01/2024,0
central-0ffice-data-share ($),01/02/2024,0
central-0ffice-data-share ($),01/03/2024,0
central-0ffice-data-share ($),01/04/2024,0
central-0ffice-data-share ($),01/05/2024,0
central-0ffice-data-share ($),01/06/2024,0
central-0ffice-data-share ($),01/07/2024,0
central-0ffice-data-share ($),01/08/2024,0
central-0ffice-data-share ($),01/09/2024,0
etl-glue-logs-hk ($),01/01/2024,0
etl-glue-logs-hk ($),01/02/2024,0
etl-glue-logs-hk ($),01/03/2024,0
etl-glue-logs-hk ($),01/04/2024,0
etl-glue-logs-hk ($),01/05/2024,0
etl-glue-logs-hk ($),01/06/2024,0
etl-glue-logs-hk ($),01/07/2024,0
etl-glue-logs-hk ($),01/08/2024,0
etl-glue-logs-hk ($),01/09/2024,0
incrediobetaclickstream ($),01/01/2024,0
incrediobetaclickstream ($),01/02/2024,0
incrediobetaclickstream ($),01/03/2024,0
incrediobetaclickstream ($),01/04/2024,0
incrediobetaclickstream ($),01/05/2024,0
incrediobetaclickstream ($),01/06/2024,0
incrediobetaclickstream ($),01/07/2024,0
incrediobetaclickstream ($),01/08/2024,0
incrediobetaclickstream ($),01/09/2024,0
projected-sales ($),01/01/2024,0
projected-sales ($),01/02/2024,0
projected-sales ($),01/03/2024,0
projected-sales ($),01/04/2024,0
projected-sales ($),01/05/2024,0
projected-sales ($),01/06/2024,0
projected-sales ($),01/07/2024,0
projected-sales ($),01/08/2024,0
projected-sales ($),01/09/2024,0
tbprod-hosting-mobilehub-896887744 ($),01/01/2024,0
tbprod-hosting-mobilehub-896887744 ($),01/02/2024,0
tbprod-hosting-mobilehub-896887744 ($),01/03/2024,0
tbprod-hosting-mobilehub-896887744 ($),01/04/2024,0
tbprod-hosting-mobilehub-896887744 ($),01/05/2024,0
tbprod-hosting-mobilehub-896887744 ($),01/06/2024,0
tbprod-hosting-mobilehub-896887744 ($),01/07/2024,0
tbprod-hosting-mobilehub-896887744 ($),01/08/2024,0
tbprod-hosting-mobilehub-896887744 ($),01/09/2024,0
etl-glue-script-hk ($),01/01/2024,0
etl-glue-script-hk ($),01/02/2024,0
etl-glue-script-hk ($),01/03/2024,0
etl-glue-script-hk ($),01/04/2024,0
etl-glue-script-hk ($),01/05/2024,0
etl-glue-script-hk ($),01/06/2024,0
etl-glue-script-hk ($),01/07/2024,0
etl-glue-script-hk ($),01/08/2024,0
etl-glue-script-hk ($),01/09/2024,0
textract-console-ap-south-1-4d70c606-d94f-4b64-9da5-82d092f25de ($),01/01/2024,0
textract-console-ap-south-1-4d70c606-d94f-4b64-9da5-82d092f25de ($),01/02/2024,0
textract-console-ap-south-1-4d70c606-d94f-4b64-9da5-82d092f25de ($),01/03/2024,0
textract-console-ap-south-1-4d70c606-d94f-4b64-9da5-82d092f25de ($),01/04/2024,0
textract-console-ap-south-1-4d70c606-d94f-4b64-9da5-82d092f25de ($),01/05/2024,0
textract-console-ap-south-1-4d70c606-d94f-4b64-9da5-82d092f25de ($),01/06/2024,0
textract-console-ap-south-1-4d70c606-d94f-4b64-9da5-82d092f25de ($),01/07/2024,0
textract-console-ap-south-1-4d70c606-d94f-4b64-9da5-82d092f25de ($),01/08/2024,0
textract-console-ap-south-1-4d70c606-d94f-4b64-9da5-82d092f25de ($),01/09/2024,0
aws-sam-cli-managed-default-samclisourcebucket-1bg5mfdi178qd ($),01/01/2024,0
aws-sam-cli-managed-default-samclisourcebucket-1bg5mfdi178qd ($),01/02/2024,0
aws-sam-cli-managed-default-samclisourcebucket-1bg5mfdi178qd ($),01/03/2024,0
aws-sam-cli-managed-default-samclisourcebucket-1bg5mfdi178qd ($),01/04/2024,0
aws-sam-cli-managed-default-samclisourcebucket-1bg5mfdi178qd ($),01/05/2024,0
aws-sam-cli-managed-default-samclisourcebucket-1bg5mfdi178qd ($),01/06/2024,0
aws-sam-cli-managed-default-samclisourcebucket-1bg5mfdi178qd ($),01/07/2024,0
aws-sam-cli-managed-default-samclisourcebucket-1bg5mfdi178qd ($),01/08/2024,0
aws-sam-cli-managed-default-samclisourcebucket-1bg5mfdi178qd ($),01/09/2024,0
cf-templates-nluit2yfsish-ap-south-1 ($),01/01/2024,0
cf-templates-nluit2yfsish-ap-south-1 ($),01/02/2024,0
cf-templates-nluit2yfsish-ap-south-1 ($),01/03/2024,0
cf-templates-nluit2yfsish-ap-south-1 ($),01/04/2024,0
cf-templates-nluit2yfsish-ap-south-1 ($),01/05/2024,0
cf-templates-nluit2yfsish-ap-south-1 ($),01/06/2024,0
cf-templates-nluit2yfsish-ap-south-1 ($),01/07/2024,0
cf-templates-nluit2yfsish-ap-south-1 ($),01/08/2024,0
cf-templates-nluit2yfsish-ap-south-1 ($),01/09/2024,0
central-logs ($),01/01/2024,0
central-logs ($),01/02/2024,0
central-logs ($),01/03/2024,0
central-logs ($),01/04/2024,0
central-logs ($),01/05/2024,0
central-logs ($),01/06/2024,0
central-logs ($),01/07/2024,0
central-logs ($),01/08/2024,0
central-logs ($),01/09/2024,0
hlkt-crm ($),01/01/2024,0
hlkt-crm ($),01/02/2024,0
hlkt-crm ($),01/03/2024,0
hlkt-crm ($),01/04/2024,0
hlkt-crm ($),01/05/2024,0
hlkt-crm ($),01/06/2024,0
hlkt-crm ($),01/07/2024,0
hlkt-crm ($),01/08/2024,0
hlkt-crm ($),01/09/2024,0
hk-facial-data ($),01/01/2024,0
hk-facial-data ($),01/02/2024,0
hk-facial-data ($),01/03/2024,0
hk-facial-data ($),01/04/2024,0
hk-facial-data ($),01/05/2024,0
hk-facial-data ($),01/06/2024,0
hk-facial-data ($),01/07/2024,0
hk-facial-data ($),01/08/2024,0
hk-facial-data ($),01/09/2024,0
goransh1 ($),01/01/2024,0
goransh1 ($),01/02/2024,0
goransh1 ($),01/03/2024,0
goransh1 ($),01/04/2024,0
goransh1 ($),01/05/2024,0
goransh1 ($),01/06/2024,0
goransh1 ($),01/07/2024,0
goransh1 ($),01/08/2024,0
goransh1 ($),01/09/2024,0
goransh ($),01/01/2024,0
goransh ($),01/02/2024,0
goransh ($),01/03/2024,0
goransh ($),01/04/2024,0
goransh ($),01/05/2024,0
goransh ($),01/06/2024,0
goransh ($),01/07/2024,0
goransh ($),01/08/2024,0
goransh ($),01/09/2024,0
fingerprint-jar ($),01/01/2024,0
fingerprint-jar ($),01/02/2024,0
fingerprint-jar ($),01/03/2024,0
fingerprint-jar ($),01/04/2024,0
fingerprint-jar ($),01/05/2024,0
fingerprint-jar ($),01/06/2024,0
fingerprint-jar ($),01/07/2024,0
fingerprint-jar ($),01/08/2024,0
fingerprint-jar ($),01/09/2024,0
aws-glue-scripts-503472024152-ap-south-1 ($),01/01/2024,0
aws-glue-scripts-503472024152-ap-south-1 ($),01/02/2024,0
aws-glue-scripts-503472024152-ap-south-1 ($),01/03/2024,0
aws-glue-scripts-503472024152-ap-south-1 ($),01/04/2024,0
aws-glue-scripts-503472024152-ap-south-1 ($),01/05/2024,0
aws-glue-scripts-503472024152-ap-south-1 ($),01/06/2024,0
aws-glue-scripts-503472024152-ap-south-1 ($),01/07/2024,0
aws-glue-scripts-503472024152-ap-south-1 ($),01/08/2024,0
aws-glue-scripts-503472024152-ap-south-1 ($),01/09/2024,0
hk-voice-intellegence ($),01/01/2024,0
hk-voice-intellegence ($),01/02/2024,0
hk-voice-intellegence ($),01/03/2024,0
hk-voice-intellegence ($),01/04/2024,0
hk-voice-intellegence ($),01/05/2024,0
hk-voice-intellegence ($),01/06/2024,0
hk-voice-intellegence ($),01/07/2024,0
hk-voice-intellegence ($),01/08/2024,0
hk-voice-intellegence ($),01/09/2024,0
aws-emr-resources-503472024152-ap-south-1 ($),01/01/2024,0
aws-emr-resources-503472024152-ap-south-1 ($),01/02/2024,0
aws-emr-resources-503472024152-ap-south-1 ($),01/03/2024,0
aws-emr-resources-503472024152-ap-south-1 ($),01/04/2024,0
aws-emr-resources-503472024152-ap-south-1 ($),01/05/2024,0
aws-emr-resources-503472024152-ap-south-1 ($),01/06/2024,0
aws-emr-resources-503472024152-ap-south-1 ($),01/07/2024,0
aws-emr-resources-503472024152-ap-south-1 ($),01/08/2024,0
aws-emr-resources-503472024152-ap-south-1 ($),01/09/2024,0
hk-android-bundle ($),01/01/2024,0
hk-android-bundle ($),01/02/2024,0
hk-android-bundle ($),01/03/2024,0
hk-android-bundle ($),01/04/2024,0
hk-android-bundle ($),01/05/2024,0
hk-android-bundle ($),01/06/2024,0
hk-android-bundle ($),01/07/2024,0
hk-android-bundle ($),01/08/2024,0
hk-android-bundle ($),01/09/2024,0
goransh3 ($),01/01/2024,0
goransh3 ($),01/02/2024,0
goransh3 ($),01/03/2024,0
goransh3 ($),01/04/2024,0
goransh3 ($),01/05/2024,0
goransh3 ($),01/06/2024,0
goransh3 ($),01/07/2024,0
goransh3 ($),01/08/2024,0
goransh3 ($),01/09/2024,0
xyznew ($),01/01/2024,0
xyznew ($),01/02/2024,0
xyznew ($),01/03/2024,0
xyznew ($),01/04/2024,0
xyznew ($),01/05/2024,0
xyznew ($),01/06/2024,0
xyznew ($),01/07/2024,0
xyznew ($),01/08/2024,0
xyznew ($),01/09/2024,0
aws-deepracer-b431b86c-df4f-4efb-a575-ff2055c9b58e ($),01/01/2024,0
aws-deepracer-b431b86c-df4f-4efb-a575-ff2055c9b58e ($),01/02/2024,0
aws-deepracer-b431b86c-df4f-4efb-a575-ff2055c9b58e ($),01/03/2024,0
aws-deepracer-b431b86c-df4f-4efb-a575-ff2055c9b58e ($),01/04/2024,0
aws-deepracer-b431b86c-df4f-4efb-a575-ff2055c9b58e ($),01/05/2024,0
aws-deepracer-b431b86c-df4f-4efb-a575-ff2055c9b58e ($),01/06/2024,0
aws-deepracer-b431b86c-df4f-4efb-a575-ff2055c9b58e ($),01/07/2024,0
aws-deepracer-b431b86c-df4f-4efb-a575-ff2055c9b58e ($),01/08/2024,0
aws-deepracer-b431b86c-df4f-4efb-a575-ff2055c9b58e ($),01/09/2024,0
amplify-muscleblaze-dev-145905-deployment ($),01/01/2024,0
amplify-muscleblaze-dev-145905-deployment ($),01/02/2024,0
amplify-muscleblaze-dev-145905-deployment ($),01/03/2024,0
amplify-muscleblaze-dev-145905-deployment ($),01/04/2024,0
amplify-muscleblaze-dev-145905-deployment ($),01/05/2024,0
amplify-muscleblaze-dev-145905-deployment ($),01/06/2024,0
amplify-muscleblaze-dev-145905-deployment ($),01/07/2024,0
amplify-muscleblaze-dev-145905-deployment ($),01/08/2024,0
amplify-muscleblaze-dev-145905-deployment ($),01/09/2024,0
hk-social-feeds ($),01/01/2024,0
hk-social-feeds ($),01/02/2024,0
hk-social-feeds ($),01/03/2024,0
hk-social-feeds ($),01/04/2024,0
hk-social-feeds ($),01/05/2024,0
hk-social-feeds ($),01/06/2024,0
hk-social-feeds ($),01/07/2024,0
hk-social-feeds ($),01/08/2024,0
hk-social-feeds ($),01/09/2024,0
hkvitalclickstream-prod ($),01/01/2024,0
hkvitalclickstream-prod ($),01/02/2024,0
hkvitalclickstream-prod ($),01/03/2024,0
hkvitalclickstream-prod ($),01/04/2024,0
hkvitalclickstream-prod ($),01/05/2024,0
hkvitalclickstream-prod ($),01/06/2024,0
hkvitalclickstream-prod ($),01/07/2024,0
hkvitalclickstream-prod ($),01/08/2024,0
hkvitalclickstream-prod ($),01/09/2024,0
hkecomapp-deployments-mobilehub-1472452983 ($),01/01/2024,0
hkecomapp-deployments-mobilehub-1472452983 ($),01/02/2024,0
hkecomapp-deployments-mobilehub-1472452983 ($),01/03/2024,0
hkecomapp-deployments-mobilehub-1472452983 ($),01/04/2024,0
hkecomapp-deployments-mobilehub-1472452983 ($),01/05/2024,0
hkecomapp-deployments-mobilehub-1472452983 ($),01/06/2024,0
hkecomapp-deployments-mobilehub-1472452983 ($),01/07/2024,0
hkecomapp-deployments-mobilehub-1472452983 ($),01/08/2024,0
hkecomapp-deployments-mobilehub-1472452983 ($),01/09/2024,0
hehealthkartdev ($),01/01/2024,0
hehealthkartdev ($),01/02/2024,0
hehealthkartdev ($),01/03/2024,0
hehealthkartdev ($),01/04/2024,0
hehealthkartdev ($),01/05/2024,0
hehealthkartdev ($),01/06/2024,0
hehealthkartdev ($),01/07/2024,0
hehealthkartdev ($),01/08/2024,0
hehealthkartdev ($),01/09/2024,0
hkvitalclickstream-dev ($),01/01/2024,0
hkvitalclickstream-dev ($),01/02/2024,0
hkvitalclickstream-dev ($),01/03/2024,0
hkvitalclickstream-dev ($),01/04/2024,0
hkvitalclickstream-dev ($),01/05/2024,0
hkvitalclickstream-dev ($),01/06/2024,0
hkvitalclickstream-dev ($),01/07/2024,0
hkvitalclickstream-dev ($),01/08/2024,0
hkvitalclickstream-dev ($),01/09/2024,0
hk-gaurdduty ($),01/01/2024,0
hk-gaurdduty ($),01/02/2024,0
hk-gaurdduty ($),01/03/2024,0
hk-gaurdduty ($),01/04/2024,0
hk-gaurdduty ($),01/05/2024,0
hk-gaurdduty ($),01/06/2024,0
hk-gaurdduty ($),01/07/2024,0
hk-gaurdduty ($),01/08/2024,0
hk-gaurdduty ($),01/09/2024,0
gritzoprod-deployments-mobilehub-1575639536 ($),01/01/2024,0
gritzoprod-deployments-mobilehub-1575639536 ($),01/02/2024,0
gritzoprod-deployments-mobilehub-1575639536 ($),01/03/2024,0
gritzoprod-deployments-mobilehub-1575639536 ($),01/04/2024,0
gritzoprod-deployments-mobilehub-1575639536 ($),01/05/2024,0
gritzoprod-deployments-mobilehub-1575639536 ($),01/06/2024,0
gritzoprod-deployments-mobilehub-1575639536 ($),01/07/2024,0
gritzoprod-deployments-mobilehub-1575639536 ($),01/08/2024,0
gritzoprod-deployments-mobilehub-1575639536 ($),01/09/2024,0
hkhome-admin-app ($),01/01/2024,0
hkhome-admin-app ($),01/02/2024,0
hkhome-admin-app ($),01/03/2024,0
hkhome-admin-app ($),01/04/2024,0
hkhome-admin-app ($),01/05/2024,0
hkhome-admin-app ($),01/06/2024,0
hkhome-admin-app ($),01/07/2024,0
hkhome-admin-app ($),01/08/2024,0
hkhome-admin-app ($),01/09/2024,0
khushi12 ($),01/01/2024,0
khushi12 ($),01/02/2024,0
khushi12 ($),01/03/2024,0
khushi12 ($),01/04/2024,0
khushi12 ($),01/05/2024,0
khushi12 ($),01/06/2024,0
khushi12 ($),01/07/2024,0
khushi12 ($),01/08/2024,0
khushi12 ($),01/09/2024,0
hkprod-deployments-mobilehub-1871586633 ($),01/01/2024,0
hkprod-deployments-mobilehub-1871586633 ($),01/02/2024,0
hkprod-deployments-mobilehub-1871586633 ($),01/03/2024,0
hkprod-deployments-mobilehub-1871586633 ($),01/04/2024,0
hkprod-deployments-mobilehub-1871586633 ($),01/05/2024,0
hkprod-deployments-mobilehub-1871586633 ($),01/06/2024,0
hkprod-deployments-mobilehub-1871586633 ($),01/07/2024,0
hkprod-deployments-mobilehub-1871586633 ($),01/08/2024,0
hkprod-deployments-mobilehub-1871586633 ($),01/09/2024,0
hlktocr-deployments-mobilehub-1997994616 ($),01/01/2024,0
hlktocr-deployments-mobilehub-1997994616 ($),01/02/2024,0
hlktocr-deployments-mobilehub-1997994616 ($),01/03/2024,0
hlktocr-deployments-mobilehub-1997994616 ($),01/04/2024,0
hlktocr-deployments-mobilehub-1997994616 ($),01/05/2024,0
hlktocr-deployments-mobilehub-1997994616 ($),01/06/2024,0
hlktocr-deployments-mobilehub-1997994616 ($),01/07/2024,0
hlktocr-deployments-mobilehub-1997994616 ($),01/08/2024,0
hlktocr-deployments-mobilehub-1997994616 ($),01/09/2024,0
pinpoint-qa ($),01/01/2024,0
pinpoint-qa ($),01/02/2024,0
pinpoint-qa ($),01/03/2024,0
pinpoint-qa ($),01/04/2024,0
pinpoint-qa ($),01/05/2024,0
pinpoint-qa ($),01/06/2024,0
pinpoint-qa ($),01/07/2024,0
pinpoint-qa ($),01/08/2024,0
pinpoint-qa ($),01/09/2024,0
nlp-crawler ($),01/01/2024,0
nlp-crawler ($),01/02/2024,0
nlp-crawler ($),01/03/2024,0
nlp-crawler ($),01/04/2024,0
nlp-crawler ($),01/05/2024,0
nlp-crawler ($),01/06/2024,0
nlp-crawler ($),01/07/2024,0
nlp-crawler ($),01/08/2024,0
nlp-crawler ($),01/09/2024,0
clickstreampersonalizationqa ($),01/01/2024,0
clickstreampersonalizationqa ($),01/02/2024,0
clickstreampersonalizationqa ($),01/03/2024,0
clickstreampersonalizationqa ($),01/04/2024,0
clickstreampersonalizationqa ($),01/05/2024,0
clickstreampersonalizationqa ($),01/06/2024,0
clickstreampersonalizationqa ($),01/07/2024,0
clickstreampersonalizationqa ($),01/08/2024,0
clickstreampersonalizationqa ($),01/09/2024,0
testauthhk ($),01/01/2024,0
testauthhk ($),01/02/2024,0
testauthhk ($),01/03/2024,0
testauthhk ($),01/04/2024,0
testauthhk ($),01/05/2024,0
testauthhk ($),01/06/2024,0
testauthhk ($),01/07/2024,0
testauthhk ($),01/08/2024,0
testauthhk ($),01/09/2024,0
qaclickstream ($),01/01/2024,0
qaclickstream ($),01/02/2024,0
qaclickstream ($),01/03/2024,0
qaclickstream ($),01/04/2024,0
qaclickstream ($),01/05/2024,0
qaclickstream ($),01/06/2024,0
qaclickstream ($),01/07/2024,0
qaclickstream ($),01/08/2024,0
qaclickstream ($),01/09/2024,0
user-image-crawler ($),01/01/2024,0
user-image-crawler ($),01/02/2024,0
user-image-crawler ($),01/03/2024,0
user-image-crawler ($),01/04/2024,0
user-image-crawler ($),01/05/2024,0
user-image-crawler ($),01/06/2024,0
user-image-crawler ($),01/07/2024,0
user-image-crawler ($),01/08/2024,0
user-image-crawler ($),01/09/2024,0
hkdemoapp-deployments-mobilehub-1090969774 ($),01/01/2024,0
hkdemoapp-deployments-mobilehub-1090969774 ($),01/02/2024,0
hkdemoapp-deployments-mobilehub-1090969774 ($),01/03/2024,0
hkdemoapp-deployments-mobilehub-1090969774 ($),01/04/2024,0
hkdemoapp-deployments-mobilehub-1090969774 ($),01/05/2024,0
hkdemoapp-deployments-mobilehub-1090969774 ($),01/06/2024,0
hkdemoapp-deployments-mobilehub-1090969774 ($),01/07/2024,0
hkdemoapp-deployments-mobilehub-1090969774 ($),01/08/2024,0
hkdemoapp-deployments-mobilehub-1090969774 ($),01/09/2024,0
mbprod-deployments-mobilehub-902478371 ($),01/01/2024,0
mbprod-deployments-mobilehub-902478371 ($),01/02/2024,0
mbprod-deployments-mobilehub-902478371 ($),01/03/2024,0
mbprod-deployments-mobilehub-902478371 ($),01/04/2024,0
mbprod-deployments-mobilehub-902478371 ($),01/05/2024,0
mbprod-deployments-mobilehub-902478371 ($),01/06/2024,0
mbprod-deployments-mobilehub-902478371 ($),01/07/2024,0
mbprod-deployments-mobilehub-902478371 ($),01/08/2024,0
mbprod-deployments-mobilehub-902478371 ($),01/09/2024,0
name-retail ($),01/01/2024,0
name-retail ($),01/02/2024,0
name-retail ($),01/03/2024,0
name-retail ($),01/04/2024,0
name-retail ($),01/05/2024,0
name-retail ($),01/06/2024,0
name-retail ($),01/07/2024,0
name-retail ($),01/08/2024,0
name-retail ($),01/09/2024,0
nourizaprod-deployments-mobilehub-499018347 ($),01/01/2024,0
nourizaprod-deployments-mobilehub-499018347 ($),01/02/2024,0
nourizaprod-deployments-mobilehub-499018347 ($),01/03/2024,0
nourizaprod-deployments-mobilehub-499018347 ($),01/04/2024,0
nourizaprod-deployments-mobilehub-499018347 ($),01/05/2024,0
nourizaprod-deployments-mobilehub-499018347 ($),01/06/2024,0
nourizaprod-deployments-mobilehub-499018347 ($),01/07/2024,0
nourizaprod-deployments-mobilehub-499018347 ($),01/08/2024,0
nourizaprod-deployments-mobilehub-499018347 ($),01/09/2024,0
theproteinzoneprod-deployments-mobilehub-2016418934 ($),01/01/2024,0
theproteinzoneprod-deployments-mobilehub-2016418934 ($),01/02/2024,0
theproteinzoneprod-deployments-mobilehub-2016418934 ($),01/03/2024,0
theproteinzoneprod-deployments-mobilehub-2016418934 ($),01/04/2024,0
theproteinzoneprod-deployments-mobilehub-2016418934 ($),01/05/2024,0
theproteinzoneprod-deployments-mobilehub-2016418934 ($),01/06/2024,0
theproteinzoneprod-deployments-mobilehub-2016418934 ($),01/07/2024,0
theproteinzoneprod-deployments-mobilehub-2016418934 ($),01/08/2024,0
theproteinzoneprod-deployments-mobilehub-2016418934 ($),01/09/2024,0
theprotinezone ($),01/01/2024,0
theprotinezone ($),01/02/2024,0
theprotinezone ($),01/03/2024,0
theprotinezone ($),01/04/2024,0
theprotinezone ($),01/05/2024,0
theprotinezone ($),01/06/2024,0
theprotinezone ($),01/07/2024,0
theprotinezone ($),01/08/2024,0
theprotinezone ($),01/09/2024,0
prodomniusers-1 ($),01/01/2024,0
prodomniusers-1 ($),01/02/2024,0
prodomniusers-1 ($),01/03/2024,0
prodomniusers-1 ($),01/04/2024,0
prodomniusers-1 ($),01/05/2024,0
prodomniusers-1 ($),01/06/2024,0
prodomniusers-1 ($),01/07/2024,0
prodomniusers-1 ($),01/08/2024,0
prodomniusers-1 ($),01/09/2024,0
qa-deployments-mobilehub-39986289 ($),01/01/2024,0
qa-deployments-mobilehub-39986289 ($),01/02/2024,0
qa-deployments-mobilehub-39986289 ($),01/03/2024,0
qa-deployments-mobilehub-39986289 ($),01/04/2024,0
qa-deployments-mobilehub-39986289 ($),01/05/2024,0
qa-deployments-mobilehub-39986289 ($),01/06/2024,0
qa-deployments-mobilehub-39986289 ($),01/07/2024,0
qa-deployments-mobilehub-39986289 ($),01/08/2024,0
qa-deployments-mobilehub-39986289 ($),01/09/2024,0
prodomniusers-1-crop ($),01/01/2024,0
prodomniusers-1-crop ($),01/02/2024,0
prodomniusers-1-crop ($),01/03/2024,0
prodomniusers-1-crop ($),01/04/2024,0
prodomniusers-1-crop ($),01/05/2024,0
prodomniusers-1-crop ($),01/06/2024,0
prodomniusers-1-crop ($),01/07/2024,0
prodomniusers-1-crop ($),01/08/2024,0
prodomniusers-1-crop ($),01/09/2024,0
vod-stack-destination-fcnowy45ppuu ($),01/01/2024,0
vod-stack-destination-fcnowy45ppuu ($),01/02/2024,0
vod-stack-destination-fcnowy45ppuu ($),01/03/2024,0
vod-stack-destination-fcnowy45ppuu ($),01/04/2024,0
vod-stack-destination-fcnowy45ppuu ($),01/05/2024,0
vod-stack-destination-fcnowy45ppuu ($),01/06/2024,0
vod-stack-destination-fcnowy45ppuu ($),01/07/2024,0
vod-stack-destination-fcnowy45ppuu ($),01/08/2024,0
vod-stack-destination-fcnowy45ppuu ($),01/09/2024,0
vod-stack-source-1uegmul8h9mlb ($),01/01/2024,0
vod-stack-source-1uegmul8h9mlb ($),01/02/2024,0
vod-stack-source-1uegmul8h9mlb ($),01/03/2024,0
vod-stack-source-1uegmul8h9mlb ($),01/04/2024,0
vod-stack-source-1uegmul8h9mlb ($),01/05/2024,0
vod-stack-source-1uegmul8h9mlb ($),01/06/2024,0
vod-stack-source-1uegmul8h9mlb ($),01/07/2024,0
vod-stack-source-1uegmul8h9mlb ($),01/08/2024,0
vod-stack-source-1uegmul8h9mlb ($),01/09/2024,0
maven.hkrtcdn.com ($),01/01/2024,0
maven.hkrtcdn.com ($),01/02/2024,0
maven.hkrtcdn.com ($),01/03/2024,0
maven.hkrtcdn.com ($),01/04/2024,0
maven.hkrtcdn.com ($),01/05/2024,0
maven.hkrtcdn.com ($),01/06/2024,0
maven.hkrtcdn.com ($),01/07/2024,0
maven.hkrtcdn.com ($),01/08/2024,0
maven.hkrtcdn.com ($),01/09/2024,0
tbdev-deployments-mobilehub-1861298407 ($),01/01/2024,0
tbdev-deployments-mobilehub-1861298407 ($),01/02/2024,0
tbdev-deployments-mobilehub-1861298407 ($),01/03/2024,0
tbdev-deployments-mobilehub-1861298407 ($),01/04/2024,0
tbdev-deployments-mobilehub-1861298407 ($),01/05/2024,0
tbdev-deployments-mobilehub-1861298407 ($),01/06/2024,0
tbdev-deployments-mobilehub-1861298407 ($),01/07/2024,0
tbdev-deployments-mobilehub-1861298407 ($),01/08/2024,0
tbdev-deployments-mobilehub-1861298407 ($),01/09/2024,0
tbprod-deployments-mobilehub-681360914 ($),01/01/2024,0
tbprod-deployments-mobilehub-681360914 ($),01/02/2024,0
tbprod-deployments-mobilehub-681360914 ($),01/03/2024,0
tbprod-deployments-mobilehub-681360914 ($),01/04/2024,0
tbprod-deployments-mobilehub-681360914 ($),01/05/2024,0
tbprod-deployments-mobilehub-681360914 ($),01/06/2024,0
tbprod-deployments-mobilehub-681360914 ($),01/07/2024,0
tbprod-deployments-mobilehub-681360914 ($),01/08/2024,0
tbprod-deployments-mobilehub-681360914 ($),01/09/2024,0
olimedev-deployments-mobilehub-515595916 ($),01/01/2024,0
olimedev-deployments-mobilehub-515595916 ($),01/02/2024,0
olimedev-deployments-mobilehub-515595916 ($),01/03/2024,0
olimedev-deployments-mobilehub-515595916 ($),01/04/2024,0
olimedev-deployments-mobilehub-515595916 ($),01/05/2024,0
olimedev-deployments-mobilehub-515595916 ($),01/06/2024,0
olimedev-deployments-mobilehub-515595916 ($),01/07/2024,0
olimedev-deployments-mobilehub-515595916 ($),01/08/2024,0
olimedev-deployments-mobilehub-515595916 ($),01/09/2024,0
vod-stack-2-source71e471f1-taz2tzdv1evp ($),01/01/2024,0
vod-stack-2-source71e471f1-taz2tzdv1evp ($),01/02/2024,0
vod-stack-2-source71e471f1-taz2tzdv1evp ($),01/03/2024,0
vod-stack-2-source71e471f1-taz2tzdv1evp ($),01/04/2024,0
vod-stack-2-source71e471f1-taz2tzdv1evp ($),01/05/2024,0
vod-stack-2-source71e471f1-taz2tzdv1evp ($),01/06/2024,0
vod-stack-2-source71e471f1-taz2tzdv1evp ($),01/07/2024,0
vod-stack-2-source71e471f1-taz2tzdv1evp ($),01/08/2024,0
vod-stack-2-source71e471f1-taz2tzdv1evp ($),01/09/2024,0
incredioprodclickstream ($),01/01/2024,0
incredioprodclickstream ($),01/02/2024,0
incredioprodclickstream ($),01/03/2024,0
incredioprodclickstream ($),01/04/2024,0
incredioprodclickstream ($),01/05/2024,0
incredioprodclickstream ($),01/06/2024,0
incredioprodclickstream ($),01/07/2024,0
incredioprodclickstream ($),01/08/2024,0
incredioprodclickstream ($),01/09/2024,0
gritzobetaclickstream ($),01/01/2024,0
gritzobetaclickstream ($),01/02/2024,0
gritzobetaclickstream ($),01/03/2024,0
gritzobetaclickstream ($),01/04/2024,0
gritzobetaclickstream ($),01/05/2024,0
gritzobetaclickstream ($),01/06/2024,0
gritzobetaclickstream ($),01/07/2024,0
gritzobetaclickstream ($),01/08/2024,0
gritzobetaclickstream ($),01/09/2024,0
elasticbeanstalk-ap-south-1-503472024152 ($),01/01/2024,0
elasticbeanstalk-ap-south-1-503472024152 ($),01/02/2024,0
elasticbeanstalk-ap-south-1-503472024152 ($),01/03/2024,0
elasticbeanstalk-ap-south-1-503472024152 ($),01/04/2024,0
elasticbeanstalk-ap-south-1-503472024152 ($),01/05/2024,0
elasticbeanstalk-ap-south-1-503472024152 ($),01/06/2024,0
elasticbeanstalk-ap-south-1-503472024152 ($),01/07/2024,0
elasticbeanstalk-ap-south-1-503472024152 ($),01/08/2024,0
elasticbeanstalk-ap-south-1-503472024152 ($),01/09/2024,0
